,AEP,DEN,Cap,Weight,Score
0,437.858762152132,0.7708713439971508,3.8543567199857542,126.04175016303971,0.4898429356158842
1,669.2193302365854,1.1781927167398076,5.890963583699038,192.64105898296395,0.7486714522339499
2,912.3194976028651,1.6061822168756197,8.030911084378097,262.61972152969577,1.0206333759542092
3,1156.4438370474859,2.035974821059492,10.17987410529746,332.8932016120817,1.2937409962709114
4,1392.577114632433,2.4516987777063055,12.258493888531527,400.86637961188774,1.5579089808777866
5,1613.4042896851602,2.840475606990915,14.202378034954574,464.433552483799,1.804953545453113
6,1813.310514798592,3.1924201008481514,15.962100504240757,521.9784337554205,2.0285934024767838
7,1988.3811358311195,3.5006403229728145,17.50320161486407,572.3741535272751,2.224448931015375
8,2136.401691906608,3.7612376088196884,18.80618804409844,614.9832584728072,2.3900431255392043
